f1,f2,f3,f4,f5,f6,f7,f8,f9,f10,f11,f12,f13,f14,f15,f16,f17,f18,f19,f20,label
0,6,4,4,142,4,4,3,2,0,3,0,67,2,1,1,2,0,1,0,0
1,48,2,4,770,0,2,1,1,0,1,0,22,2,1,0,2,0,0,0,1
3,12,4,7,390,0,3,1,2,0,2,0,49,2,1,0,1,1,0,0,0
0,42,2,3,848,0,3,1,2,2,3,1,45,2,2,0,2,1,0,0,0
0,24,3,0,734,0,2,2,2,0,3,3,53,2,2,1,2,1,0,0,1
3,36,2,7,869,4,2,1,2,0,3,3,35,2,2,0,1,1,1,0,0
3,24,2,3,533,2,4,2,2,0,3,1,53,2,1,0,2,0,0,0,0
1,36,2,1,813,0,2,1,2,0,1,2,35,2,0,0,3,0,1,0,0
3,12,2,4,562,3,3,1,0,0,3,0,61,2,1,0,1,0,0,0,0
1,30,4,0,747,0,0,3,3,0,1,2,28,2,1,1,3,0,0,0,1
1,12,2,0,190,0,1,2,1,0,0,2,25,2,0,0,2,0,0,0,1
0,48,2,9,700,0,1,2,1,0,3,1,24,2,0,0,2,0,0,0,1
1,12,2,4,287,0,2,0,1,0,0,2,22,2,1,0,2,0,1,0,0
0,24,4,0,149,0,4,3,2,0,3,2,60,2,1,1,1,0,0,0,1
0,15,2,0,232,0,2,1,1,0,3,2,28,2,0,0,2,0,0,0,0
0,24,2,4,183,1,2,3,1,0,1,2,32,2,1,0,1,0,0,0,1
3,24,4,4,464,4,4,3,2,0,3,1,53,2,1,1,2,0,0,0,0
0,30,0,9,852,4,1,1,2,0,2,2,25,0,1,2,2,0,0,0,0
1,24,2,1,903,0,4,3,1,0,1,3,44,2,2,0,3,0,1,0,1
3,24,2,4,608,2,4,2,2,0,1,2,31,2,1,0,2,1,1,0,0
3,9,4,0,401,0,2,3,2,0,3,2,48,2,1,2,2,0,1,0,0
0,6,2,4,498,2,2,1,2,0,2,0,44,2,0,0,2,1,0,0,0
0,10,4,0,422,0,1,0,2,0,2,0,48,2,0,1,1,1,0,1,0
1,12,4,1,322,1,1,2,2,0,3,1,44,2,1,0,2,0,0,0,0
3,10,4,3,387,4,2,1,3,0,0,2,26,2,1,1,2,0,0,1,0
0,6,2,3,222,0,2,0,2,0,1,0,36,0,1,0,1,0,1,0,0
3,6,0,4,10,0,4,3,3,0,3,2,39,2,1,0,1,0,0,0,0
2,12,1,4,9,3,2,2,1,0,2,0,42,2,0,1,2,0,0,0,0
1,7,2,4,463,0,2,2,2,2,1,0,34,2,1,0,2,0,0,0,0
0,60,3,9,808,0,4,2,2,0,3,3,63,2,1,1,2,0,1,0,1
1,18,2,9,349,3,1,2,3,0,2,0,36,0,1,0,2,0,1,0,0
0,24,2,3,682,0,2,1,2,0,1,2,27,1,1,0,2,0,0,0,0
1,18,2,0,768,1,2,1,2,0,1,2,30,2,1,1,2,0,1,0,0
3,12,4,9,178,4,4,3,2,0,3,3,57,2,0,0,1,0,0,0,0
2,12,2,3,253,0,1,3,1,0,0,1,33,0,1,0,3,0,1,0,0
1,45,4,4,725,0,1,3,2,0,1,1,25,2,1,1,1,0,0,0,1
3,48,4,7,776,0,2,0,2,0,2,3,31,0,2,0,2,0,1,0,0
2,18,2,4,391,0,2,3,2,1,1,0,37,1,1,0,2,0,0,0,1
2,10,2,5,163,0,2,1,2,0,1,2,37,2,1,0,2,0,1,0,0
1,9,2,4,15,0,2,3,2,0,2,0,24,2,1,0,2,0,0,0,0
3,30,2,4,447,2,4,3,2,0,1,2,30,0,1,0,3,0,0,0,0
1,12,2,4,138,2,2,2,0,0,0,2,26,2,1,0,2,0,1,0,0
1,18,3,6,781,0,2,1,2,0,3,0,44,2,1,0,1,1,1,0,0
0,30,4,1,779,1,3,0,3,0,3,2,24,2,0,1,2,0,0,0,0
0,48,4,1,777,0,4,3,1,0,3,3,58,1,2,1,1,0,0,0,1
3,11,4,0,230,0,1,3,1,0,3,2,35,2,1,1,3,0,0,0,0
3,36,2,4,434,2,4,3,2,0,3,2,39,2,1,0,2,0,0,0,0
0,6,2,1,213,2,0,0,1,0,1,1,23,2,0,0,0,0,1,0,0
3,11,4,0,821,0,2,0,2,0,3,1,39,2,1,1,1,0,0,0,0
3,12,2,4,388,1,2,3,1,1,1,0,28,2,1,0,2,0,0,0,0
1,24,3,3,447,4,1,3,2,0,1,1,29,0,1,0,1,0,0,0,0
1,27,3,1,772,0,4,0,2,0,1,2,30,2,1,1,3,0,1,0,0
3,12,2,4,177,0,2,2,2,0,1,2,25,2,1,0,2,0,0,0,0
3,18,2,1,598,4,2,1,2,0,0,1,31,2,1,0,2,0,1,0,0
1,36,3,0,419,0,4,3,2,0,3,3,57,0,2,1,2,0,1,0,1
3,6,1,0,64,4,2,0,2,2,1,0,26,1,1,0,1,1,0,0,0
1,12,2,4,797,4,0,1,2,0,0,3,52,2,1,0,3,0,1,0,1
3,36,4,4,876,0,2,1,1,0,1,2,31,1,1,1,2,0,0,0,0
2,18,2,0,366,0,4,2,1,0,1,2,23,2,1,0,3,0,0,0,0
0,36,4,3,783,0,1,3,1,1,3,3,23,2,0,1,1,0,1,0,1
1,9,2,9,229,0,2,1,3,0,0,0,27,0,1,0,2,0,1,0,0
1,15,4,4,275,4,4,3,2,2,3,0,50,2,1,1,2,0,1,0,0
1,36,0,9,364,0,4,3,2,0,3,3,61,2,2,0,3,0,1,0,1
1,48,0,9,912,0,2,1,2,0,1,2,25,2,1,0,2,0,1,0,1
3,24,2,4,580,0,1,3,1,0,3,1,26,2,1,0,2,0,1,0,0
3,27,2,6,746,4,4,3,2,0,3,1,48,2,1,3,2,1,1,0,0
3,12,2,4,410,0,1,1,1,0,1,2,29,0,1,0,2,0,0,0,0
1,12,2,0,107,3,2,3,3,0,0,0,22,2,1,0,2,0,0,0,0
3,36,2,7,325,0,2,3,2,0,3,3,37,1,2,0,2,0,1,0,1
3,36,2,4,459,4,2,3,1,0,3,2,25,2,1,0,2,0,0,0,0
3,36,2,1,854,0,2,0,1,0,1,1,30,0,1,0,2,0,0,0,0
3,7,4,4,51,4,4,3,2,0,1,1,46,2,0,1,1,0,1,0,0
0,8,4,2,140,0,4,2,2,0,3,3,51,0,2,1,3,1,1,0,0
1,42,4,9,771,0,3,1,1,0,0,0,41,0,1,1,1,0,0,0,0
0,36,2,7,370,4,4,3,2,0,3,3,40,2,1,0,3,0,1,0,1
0,12,4,1,270,0,4,3,2,0,3,3,66,2,2,1,3,0,0,0,0
0,42,2,4,674,0,1,3,2,0,2,2,34,2,1,0,2,0,0,0,1
1,11,3,4,726,0,3,1,2,0,3,1,51,2,1,0,2,0,0,0,0
3,54,0,1,875,4,2,1,2,0,1,1,39,2,1,0,1,1,0,0,0
1,30,2,3,657,0,1,1,3,0,0,1,22,2,1,0,2,0,0,0,0
3,24,2,4,769,4,1,0,1,0,0,2,44,2,1,1,2,0,1,0,1
3,15,2,4,157,2,4,3,2,0,2,1,47,1,1,0,2,0,1,0,0
3,18,2,9,288,1,2,2,1,0,3,1,24,2,0,0,1,0,0,0,0
0,24,2,2,315,0,4,3,1,2,3,0,58,2,1,0,1,0,1,0,0
0,10,2,4,438,0,4,2,2,0,3,0,52,2,1,0,1,0,0,0,0
3,12,4,9,235,0,2,3,1,2,1,0,29,2,1,1,3,0,1,0,0
1,18,4,3,190,0,1,3,1,0,0,1,27,2,1,1,2,0,0,0,0
1,36,2,7,904,1,2,0,2,0,3,3,47,2,2,0,2,1,1,0,1
0,18,2,0,425,1,3,3,2,0,2,2,30,2,1,0,3,1,1,0,0
0,12,0,6,128,0,3,3,2,0,2,0,28,2,1,1,2,0,0,0,1
3,12,4,4,24,0,4,3,2,0,3,0,56,2,1,0,2,0,0,0,0
0,12,4,1,233,0,4,3,2,0,2,0,54,2,1,0,2,0,0,0,0
3,12,4,4,67,4,4,3,1,0,2,1,33,0,1,0,1,1,0,0,1
2,24,4,3,636,4,4,3,2,1,3,3,20,2,0,1,2,0,0,0,0
1,12,2,0,200,3,4,3,2,0,3,0,54,2,1,0,2,0,1,0,0
1,54,0,9,919,0,1,2,2,0,3,3,58,2,0,0,2,0,1,0,1
3,12,4,7,377,4,3,3,1,0,1,2,61,2,1,0,2,0,0,0,0
1,18,2,9,494,1,2,3,2,0,3,2,34,2,1,0,2,0,0,0,0
1,36,4,4,448,0,4,3,2,0,3,0,36,2,1,0,2,0,0,0,0
1,20,3,1,816,4,3,2,2,0,3,1,36,0,0,1,3,1,1,0,0
3,24,2,0,250,1,4,3,3,0,3,0,41,2,0,0,1,0,0,0,0
1,36,2,4,441,0,3,3,2,0,3,2,24,2,0,0,2,0,0,0,0
3,6,3,4,92,0,2,2,1,0,1,0,24,2,1,0,2,0,0,0,0
1,9,4,3,350,0,3,3,2,0,2,2,35,2,0,0,2,0,1,0,0
3,12,2,1,468,4,1,1,3,0,3,2,26,2,0,0,2,0,1,0,0
1,24,4,2,898,0,2,1,2,1,2,2,39,2,1,1,3,1,1,0,1
3,18,1,0,796,0,4,1,2,0,3,3,39,0,1,1,3,1,1,0,1
1,12,2,0,775,0,3,1,2,0,1,2,32,2,1,0,2,0,0,0,0
0,24,2,3,841,4,1,0,1,0,1,1,30,2,1,0,2,0,1,1,0
1,14,2,9,234,2,4,0,3,0,1,0,35,2,1,0,2,0,1,0,0
1,6,3,9,246,1,4,0,0,0,1,2,31,0,1,1,2,1,0,0,0
2,15,2,7,8,0,1,3,1,0,3,1,23,2,0,0,2,0,1,0,0
1,18,2,0,784,0,3,2,2,0,2,0,28,2,0,0,1,0,0,0,0
3,36,4,0,846,0,2,3,1,0,1,0,25,1,1,1,2,0,1,0,1
0,12,2,4,307,2,4,2,3,0,0,0,35,2,1,0,2,0,0,0,0
3,48,4,4,629,4,4,3,2,0,0,0,47,2,1,0,2,0,1,0,0
0,42,2,4,820,4,3,3,1,0,2,2,30,2,1,0,3,0,1,0,1
0,10,4,3,399,4,1,1,1,1,2,0,27,2,0,1,2,0,0,1,0
0,33,4,3,698,2,2,0,1,0,3,2,23,2,1,1,2,0,0,0,1
1,12,4,0,454,2,3,2,0,0,2,2,36,2,1,0,3,0,1,0,0
0,21,2,4,329,0,2,2,1,0,1,0,25,2,1,1,2,0,1,0,1
3,24,4,1,663,0,4,3,1,0,1,2,41,2,0,1,3,0,1,0,0
3,12,2,3,317,0,2,2,2,0,1,0,24,2,0,0,1,0,0,0,0
2,10,4,0,63,0,4,3,2,0,3,3,63,2,2,1,2,0,1,0,0
1,18,2,3,352,4,1,3,1,0,2,0,27,2,0,0,2,0,0,0,1
0,12,4,0,396,0,2,3,2,0,1,1,30,2,1,1,2,0,0,0,0
0,12,2,4,44,0,2,3,3,0,1,0,40,2,1,0,1,0,0,0,0
1,12,2,6,28,0,2,3,2,0,1,2,30,2,1,0,2,0,0,0,1
1,12,4,1,335,0,0,3,2,0,1,2,34,2,1,1,3,0,1,0,0
0,12,4,0,616,0,2,2,1,1,1,0,29,2,1,1,2,0,0,0,1
1,48,2,0,861,4,3,0,1,0,1,2,24,2,1,0,2,0,0,0,0
0,36,3,7,812,0,2,3,2,0,2,1,29,1,1,0,2,0,1,0,1
3,15,2,3,508,0,1,1,2,0,2,1,27,0,1,1,1,0,0,0,0
3,18,2,3,373,0,2,3,2,0,3,3,47,0,2,1,2,0,0,0,0
3,60,2,4,882,1,3,1,1,0,3,0,21,2,1,0,2,0,1,0,0
3,12,4,4,170,4,4,3,1,0,1,0,38,2,1,1,2,0,1,0,0
3,27,3,1,863,3,2,1,2,0,1,2,27,2,1,1,2,0,0,0,0
1,12,2,4,61,2,2,3,2,0,2,0,66,2,1,0,1,0,0,0,1
1,15,4,4,511,4,3,3,2,2,1,0,35,0,1,2,2,0,1,0,0
2,12,2,4,340,0,2,1,1,0,1,2,44,2,0,0,1,0,1,0,0
2,6,2,0,47,3,1,1,3,0,1,0,27,2,1,0,0,0,0,1,0
1,36,2,4,728,0,1,3,1,0,0,3,30,2,1,0,3,0,1,0,0
0,27,2,4,606,0,2,2,2,0,1,2,27,2,1,0,3,0,0,0,0
0,18,2,3,469,0,2,1,2,0,1,2,22,2,1,0,2,0,0,0,1
3,21,4,3,432,0,1,3,1,0,3,1,23,2,1,0,2,0,1,0,0
1,48,1,9,625,1,3,3,2,0,1,2,30,2,1,0,2,0,0,0,0
0,6,4,0,74,0,4,0,1,0,3,3,39,2,1,1,2,0,1,0,0
3,12,4,0,37,1,3,3,1,0,2,2,51,2,1,1,2,0,1,0,0
0,36,4,3,752,0,2,2,2,2,1,1,28,2,1,1,2,0,0,0,0
3,18,4,4,293,3,4,3,2,0,3,2,46,2,1,1,2,0,0,0,0
3,6,2,4,211,1,4,1,2,0,3,3,42,0,2,0,2,1,1,0,0
3,10,2,4,352,0,2,0,2,0,3,1,38,2,1,0,2,0,1,1,0
2,36,2,4,767,0,2,3,2,0,0,2,24,2,1,0,2,0,0,0,0
1,24,4,1,842,3,4,1,1,0,3,3,29,2,0,0,2,0,0,0,0
1,24,3,9,814,1,3,3,2,0,3,2,36,2,0,0,3,0,1,0,0
0,12,2,3,183,0,2,1,1,0,3,2,20,2,0,0,2,0,0,0,1
0,9,4,6,187,1,4,2,2,2,3,0,48,2,1,1,2,1,0,1,0
0,12,1,8,3,0,4,3,3,0,0,2,45,0,1,0,1,0,0,0,0
1,24,2,0,618,1,3,1,2,0,2,2,38,0,1,1,2,0,1,0,0
3,6,4,4,345,4,2,0,2,0,1,0,34,2,1,1,1,1,0,0,0
3,24,4,4,538,1,4,2,2,0,3,0,36,2,1,0,2,1,1,0,0
3,18,4,0,118,0,1,3,1,0,0,1,30,2,1,1,2,0,0,0,0
3,15,2,5,177,2,3,3,2,0,2,1,36,2,1,1,2,0,1,0,0
1,10,2,0,825,0,0,1,2,0,3,3,70,0,2,0,3,0,1,0,0
3,36,2,0,85,2,4,3,2,0,3,1,36,2,1,0,2,0,0,0,0
3,6,2,3,550,2,2,0,2,0,1,2,32,2,1,0,2,0,1,0,0
0,18,2,3,132,0,0,3,1,0,1,2,33,2,1,0,2,0,0,0,1
1,11,2,3,292,3,1,3,1,0,0,0,20,2,1,0,2,0,0,0,0
3,24,2,3,676,0,3,1,1,0,3,1,25,2,0,0,2,0,1,0,0
1,24,4,9,357,0,4,3,0,0,3,0,31,2,1,1,2,0,1,0,1
0,15,0,0,97,0,4,3,2,0,2,2,33,2,0,1,2,1,0,0,1
3,12,2,3,60,0,2,3,1,0,0,0,26,2,1,0,2,0,1,0,0
1,24,3,3,386,0,0,2,1,0,1,1,34,2,1,0,3,0,1,0,1
1,8,2,4,237,0,2,3,2,2,1,0,33,2,1,0,2,0,0,1,0
0,21,3,7,605,0,1,1,2,0,0,1,26,2,1,1,2,0,0,0,1
3,30,1,1,834,4,0,3,1,0,0,0,53,0,1,0,3,0,1,0,1
0,12,2,3,485,0,2,1,0,0,0,2,42,2,1,0,2,0,0,0,0
0,6,4,4,2,2,4,3,2,0,3,2,52,2,1,1,2,0,0,0,0
3,12,2,4,367,0,3,3,2,0,1,2,31,2,0,1,3,1,1,0,0
0,21,4,0,19,0,4,3,2,0,3,0,65,2,1,1,2,0,0,0,0
3,36,3,9,877,0,1,0,0,0,0,2,28,2,1,1,2,0,0,0,1
1,36,3,9,706,0,2,1,0,0,1,0,30,1,1,1,3,0,1,0,1
0,21,1,0,302,4,2,3,2,0,1,1,40,2,1,1,1,1,0,0,1
3,24,4,3,653,3,2,3,2,0,3,0,50,2,1,0,2,0,1,0,0
1,18,4,0,78,0,4,3,2,0,3,2,36,0,1,0,2,1,1,0,1
3,15,4,4,216,0,2,3,2,0,1,1,31,2,1,1,2,0,0,0,0
1,9,1,1,742,0,4,1,1,0,3,3,74,0,2,0,3,1,1,0,1
1,16,4,0,143,0,0,1,2,0,2,2,68,2,2,2,0,0,1,0,0
0,12,2,4,36,1,3,3,3,0,0,1,20,2,1,0,2,0,0,0,1
1,18,0,3,588,0,2,0,1,0,3,2,33,0,1,1,2,0,1,0,0
3,24,2,9,713,3,2,1,2,0,2,1,54,2,1,2,3,0,1,0,1
1,48,0,9,659,1,3,3,2,0,3,3,34,2,2,0,1,1,0,0,1
1,27,2,9,669,0,2,3,2,0,1,2,36,2,1,0,2,1,1,0,1
3,6,2,4,393,0,3,1,3,0,1,0,29,2,0,0,2,0,0,0,0
1,45,2,4,559,1,2,3,2,2,3,1,21,2,0,0,2,0,0,0,1
1,9,4,7,261,0,4,1,1,0,2,2,34,2,1,1,3,0,1,0,1
3,6,4,4,226,0,2,0,1,0,0,2,28,2,1,1,2,0,1,0,0
1,12,2,3,98,1,1,3,1,0,3,2,27,0,0,3,2,0,0,0,1
1,24,2,1,519,4,4,3,2,0,3,3,36,0,2,0,2,0,1,0,0
1,18,3,3,699,0,4,3,0,0,2,3,40,2,1,0,3,0,1,0,1
3,9,4,7,93,2,4,3,2,0,1,2,52,2,1,1,2,0,1,0,0
0,12,2,0,141,0,2,3,3,0,2,0,27,2,1,0,1,0,0,0,0
3,27,3,9,741,0,3,2,2,0,3,2,26,2,1,1,2,0,0,0,0
0,12,2,8,83,0,3,3,3,0,3,1,21,2,0,0,2,0,0,0,1
3,12,4,0,259,0,4,3,2,0,0,0,38,2,1,1,1,1,0,0,0
0,30,4,1,887,0,4,2,2,0,3,3,38,2,2,2,3,1,1,0,0
3,12,4,3,357,0,4,3,2,0,3,0,43,2,1,2,2,0,1,0,0
1,12,4,5,240,0,3,3,2,0,2,1,26,2,1,0,2,0,0,0,0
0,24,2,9,800,0,2,1,3,0,1,2,21,1,1,0,1,0,0,0,0
3,12,2,1,236,3,3,2,2,0,1,1,55,2,1,0,2,0,0,1,0
3,9,4,4,566,4,2,0,2,0,1,0,33,2,1,1,2,1,0,0,0
3,36,2,4,658,4,4,1,1,0,3,0,45,2,1,0,1,0,1,0,0
0,27,0,9,749,0,0,1,2,0,3,1,50,1,1,1,2,0,1,0,1
2,30,3,9,348,0,4,3,2,0,3,0,66,2,1,0,3,0,1,0,1
3,36,4,4,592,4,4,3,2,0,1,2,51,2,1,0,2,0,1,0,0
1,6,4,8,92,4,3,0,1,0,2,1,39,2,1,1,1,0,0,0,0
0,18,0,9,570,0,3,2,2,0,0,1,31,0,1,0,2,0,1,0,0
2,36,2,4,667,0,2,1,2,0,1,0,23,2,1,0,2,0,1,0,0
0,24,2,3,557,0,2,1,0,0,1,0,24,2,0,0,1,0,0,0,0
3,10,2,0,218,0,2,1,1,0,3,2,64,2,1,0,2,0,1,0,0
1,12,2,4,25,0,1,3,3,2,0,0,26,0,1,0,1,0,0,0,0
0,12,2,7,150,4,2,3,1,0,3,1,23,0,0,0,2,0,1,0,0
3,12,2,4,45,0,2,3,2,0,1,0,30,0,1,1,2,0,0,0,0
3,24,3,9,550,4,2,3,2,0,3,0,32,2,1,1,2,1,1,0,0
3,15,2,1,718,0,2,2,2,0,1,2,30,2,1,0,2,0,1,0,0
3,36,0,6,493,0,2,3,2,0,1,2,27,2,1,1,2,0,0,0,0
1,48,2,4,890,3,3,0,2,1,1,3,27,0,1,1,2,0,1,0,1
0,12,2,3,847,0,4,3,2,0,3,3,53,2,2,0,3,0,1,0,1
3,9,2,4,254,0,3,3,2,0,1,2,22,2,1,0,2,0,0,0,1
0,24,2,3,577,0,1,3,2,0,0,3,22,0,2,0,2,0,0,0,0
2,36,2,4,692,0,2,3,2,0,1,2,26,2,1,0,2,0,0,0,1
3,9,2,0,475,2,4,1,2,0,3,3,51,2,2,0,1,0,0,0,0
3,12,2,4,403,1,3,2,2,0,0,3,35,2,1,0,2,0,0,0,0
1,18,2,4,75,0,2,3,3,2,1,0,25,2,1,0,1,0,0,0,0
3,4,4,4,279,0,3,1,2,0,0,0,42,2,1,2,1,1,0,0,0
0,24,2,4,327,0,0,3,2,0,1,2,30,1,1,0,3,1,0,0,1
1,6,2,0,913,4,0,0,2,0,1,1,23,2,1,0,0,0,1,0,1
1,21,2,9,522,1,4,3,0,0,1,2,61,0,0,1,1,0,0,0,1
3,12,4,4,189,0,2,3,1,0,1,1,35,2,1,1,2,0,0,0,0
0,30,2,4,479,0,4,0,2,2,2,1,39,2,1,0,2,1,0,0,0
0,24,2,0,86,4,4,3,1,0,1,2,29,0,1,0,2,0,0,0,1
3,6,2,4,297,0,3,2,2,0,1,1,51,2,1,0,2,1,0,0,0
0,48,0,1,715,0,4,2,2,0,3,3,24,2,2,1,2,1,0,0,1
3,12,4,9,144,0,2,2,1,0,1,0,27,2,1,1,2,0,0,0,0
3,12,1,8,611,2,2,3,1,0,2,0,35,2,1,0,1,1,0,0,0
3,24,2,9,176,0,3,3,2,0,0,0,25,2,1,0,2,0,1,0,0
3,12,4,4,48,0,4,3,2,0,3,0,52,2,1,2,2,0,0,0,0
3,6,0,0,153,1,2,3,2,0,0,3,35,0,0,0,2,0,0,1,0
2,24,2,3,353,0,2,1,2,0,1,0,26,2,1,0,2,0,0,0,0
3,18,2,4,12,0,0,2,1,1,3,0,22,2,0,0,2,0,0,0,1
0,6,4,0,34,3,3,2,1,0,3,0,39,2,1,1,1,0,1,0,0
2,12,2,3,426,0,2,0,1,0,1,2,46,2,1,0,1,0,0,0,0
1,30,2,0,408,0,2,3,1,2,1,3,24,0,1,0,2,0,0,0,1
3,24,3,3,688,1,2,1,2,0,2,1,35,2,1,1,2,0,0,0,0
1,9,2,3,380,4,3,1,2,0,0,2,24,2,1,0,2,0,1,0,0
1,60,3,4,830,4,2,0,2,0,0,0,27,2,1,0,1,0,0,0,0
3,24,4,4,505,0,2,3,2,0,1,0,35,2,1,1,1,0,0,0,0
0,12,1,4,407,0,2,3,0,0,0,3,29,2,2,0,2,0,0,0,1
3,15,2,1,656,1,1,0,1,0,3,2,23,2,1,0,2,0,1,0,0
3,11,4,4,136,1,0,3,1,0,3,0,57,2,1,2,1,0,0,0,0
0,12,2,3,304,0,2,1,2,0,1,0,27,2,1,0,2,0,0,0,0
0,24,2,4,300,0,4,3,1,0,3,2,55,2,1,0,2,0,0,0,0
0,18,4,0,750,0,4,1,2,0,3,3,36,2,2,2,3,0,1,0,0
3,12,4,7,515,0,4,1,1,0,3,3,57,0,2,2,1,0,0,0,0
3,10,4,0,165,0,4,2,2,0,3,0,32,2,1,1,1,1,0,1,0
1,15,2,4,68,0,4,3,2,0,2,2,37,2,1,0,2,1,0,0,1
3,36,4,9,787,4,4,3,2,0,3,0,36,2,1,1,2,0,0,0,0
3,24,2,4,273,0,1,3,1,0,2,2,38,1,1,0,2,0,1,0,0
0,14,2,0,867,0,4,0,0,0,3,1,45,2,1,0,3,0,1,1,1
3,24,2,4,106,4,4,3,2,0,1,2,25,2,1,1,2,0,0,0,0
3,18,2,0,500,4,3,3,2,0,2,1,32,2,1,0,2,0,0,1,0
3,12,4,3,231,2,3,2,1,0,3,2,37,2,0,0,2,0,1,0,0
1,48,1,0,900,4,0,3,2,1,3,3,36,2,2,0,3,0,1,0,0
1,48,2,4,563,0,3,3,2,0,3,0,28,2,1,1,2,0,0,0,1
0,30,2,6,899,0,1,0,0,0,0,3,34,2,1,0,1,0,1,0,1
3,9,2,4,507,0,2,0,2,0,1,0,32,2,1,0,2,1,0,0,0
3,18,4,4,461,0,2,1,1,0,1,2,26,2,1,1,2,0,0,0,0
0,12,2,3,177,4,4,1,0,0,3,1,49,2,1,0,1,0,1,0,0
3,6,2,3,716,0,1,0,1,0,3,1,32,2,1,0,2,0,0,0,1
3,24,2,4,346,1,2,3,2,0,3,2,29,2,0,0,3,0,1,0,0
3,15,4,1,597,3,4,2,2,0,3,3,23,2,0,1,2,0,1,0,0
3,12,2,3,291,0,2,3,2,0,1,0,50,2,1,0,2,0,0,0,0
2,18,1,4,245,4,3,3,2,0,3,2,49,0,1,0,1,0,0,0,0
3,15,4,3,267,4,4,3,2,0,3,1,63,2,1,0,2,0,0,0,0
1,24,4,0,665,1,1,3,0,0,1,2,37,2,1,0,2,0,1,0,0
0,47,2,0,888,0,1,0,1,0,0,0,35,2,1,0,1,0,1,0,0
0,48,2,1,727,0,3,3,2,0,2,1,26,2,1,0,2,1,0,0,0
1,48,3,2,836,1,0,1,2,0,3,3,31,2,2,0,3,0,1,0,0
1,12,2,4,123,0,2,3,1,2,3,0,49,2,1,1,2,0,1,0,0
0,24,3,4,108,0,1,3,3,0,3,0,48,1,1,0,2,0,0,0,1
3,12,2,9,121,0,2,1,3,0,1,0,26,2,1,0,2,0,1,1,0
1,36,2,1,874,0,1,0,3,0,3,2,28,2,0,0,3,0,1,0,1
0,24,4,1,795,0,4,1,1,0,3,3,44,2,2,1,3,1,1,0,0
2,42,4,1,729,0,4,3,2,0,3,3,56,2,2,0,2,0,0,0,0
3,48,4,9,838,4,4,3,0,0,1,2,46,0,1,1,3,1,0,0,0
1,48,2,3,880,0,1,0,1,0,1,2,26,2,1,0,2,0,1,0,1
3,12,2,1,719,4,1,0,1,0,3,2,20,2,0,0,2,0,0,0,0
3,10,2,0,186,4,4,3,2,1,1,1,45,2,1,0,1,0,0,1,0
3,18,2,3,477,0,2,2,2,0,3,0,43,2,1,0,2,0,1,0,0
1,21,4,3,513,3,3,2,2,0,1,2,32,2,1,1,2,0,1,0,0
3,6,2,0,35,0,0,0,1,0,3,0,54,2,1,0,0,0,1,0,0
1,36,0,4,655,0,2,3,1,0,0,2,42,2,1,0,2,0,1,0,1
2,24,4,0,209,4,3,3,2,0,1,0,37,0,1,1,1,1,0,0,1
0,10,4,0,111,0,3,3,2,1,2,1,49,2,1,1,2,0,1,0,0
3,48,4,0,881,2,2,1,2,0,1,3,44,0,2,0,2,0,0,0,1
3,6,2,3,278,3,2,3,0,0,1,0,33,2,1,0,2,0,0,0,0
3,30,2,1,730,4,3,1,1,0,3,1,24,1,0,0,1,0,0,0,0
0,12,2,4,50,1,1,3,3,0,2,3,33,2,1,0,1,0,1,0,1
1,8,2,3,167,0,2,2,1,0,3,0,24,2,1,0,2,0,0,0,1
1,9,2,0,1,0,2,3,3,0,3,0,22,2,0,0,1,0,0,0,0
1,48,2,2,753,4,0,2,2,0,3,3,40,0,2,0,0,0,1,0,0
3,24,2,3,757,1,2,3,2,0,0,2,25,1,1,0,2,0,0,0,0
2,24,2,3,649,0,1,1,1,0,3,2,26,2,1,0,2,0,0,0,0
1,12,2,0,40,0,3,1,3,0,2,2,25,0,1,0,1,0,0,0,1
2,4,2,0,258,4,1,0,2,0,1,0,29,2,1,0,1,1,0,1,0
0,36,1,3,514,0,4,3,2,0,3,2,31,0,1,0,2,0,0,0,1
0,12,2,3,46,0,2,1,2,2,2,1,38,2,1,0,1,1,0,0,0
1,24,2,3,701,4,2,0,1,0,3,1,48,2,1,0,1,0,1,0,0
3,12,4,7,44,0,2,3,2,0,1,2,32,2,1,1,2,0,0,0,0
0,15,3,3,641,0,4,0,1,0,3,1,27,2,1,1,1,0,0,0,0
1,30,4,0,695,0,0,3,3,0,1,2,28,2,1,1,3,0,0,0,1
0,24,2,4,359,0,1,3,0,0,2,1,32,2,1,0,2,0,0,0,1
0,24,2,1,543,0,3,1,2,0,0,3,34,2,2,0,3,0,1,0,0
0,18,2,3,499,3,2,3,2,0,1,2,28,2,1,0,2,0,0,0,0
3,18,4,0,109,0,2,3,1,0,2,0,36,2,1,1,2,0,0,0,0
0,8,4,0,603,0,3,0,2,0,3,0,39,2,1,1,1,0,0,1,0
3,12,4,3,764,4,4,1,2,0,3,1,49,2,0,0,2,0,1,0,0
3,24,2,0,269,3,3,3,1,0,2,2,34,2,1,0,2,1,1,0,0
2,36,2,4,708,0,4,3,2,0,1,2,31,2,1,0,2,0,0,0,0
1,6,2,4,120,0,4,3,2,0,3,2,28,2,1,0,2,1,0,0,0
0,24,4,1,803,0,0,1,2,0,3,3,75,2,2,1,3,0,1,0,0
3,18,4,7,336,1,2,3,1,0,1,0,30,2,1,1,2,0,0,0,1
1,60,2,0,828,1,1,3,1,0,1,1,24,2,1,0,3,0,0,0,1
3,48,4,1,895,1,2,1,1,0,3,2,24,0,0,1,1,0,0,0,1
0,24,0,3,685,0,4,2,2,0,3,3,23,0,0,1,2,1,0,0,1
0,6,4,3,600,0,2,0,0,0,3,0,44,2,0,0,3,0,1,0,1
1,13,2,4,392,0,1,1,1,2,3,1,23,2,1,0,1,0,0,0,0
0,15,2,5,181,4,2,3,1,0,1,2,24,2,0,0,2,0,0,0,1
0,24,2,3,691,0,2,3,2,0,3,1,28,2,1,0,2,0,0,0,0
1,10,2,3,268,0,2,3,0,0,1,2,31,2,1,0,1,0,0,0,0
1,24,4,7,761,0,1,1,1,0,3,3,24,2,2,1,2,0,1,0,0
0,21,2,3,633,0,3,0,1,0,3,2,26,2,0,0,1,0,0,0,0
1,18,2,4,584,2,1,0,3,0,2,0,25,2,0,0,2,0,0,0,0
1,18,2,9,704,0,4,0,2,1,0,0,33,0,1,0,3,0,1,0,0
2,10,2,0,672,0,1,0,2,2,0,1,37,2,1,0,1,1,0,0,0
3,15,4,4,249,0,2,3,1,0,1,2,43,2,1,0,1,0,0,0,0
1,13,4,4,77,0,1,3,2,2,3,0,23,2,1,1,2,0,0,0,0
1,24,2,4,651,2,0,0,1,0,3,3,23,2,0,0,0,0,0,0,0
3,6,3,9,312,1,2,0,2,0,1,0,34,2,1,1,1,0,0,0,0
1,9,4,7,133,3,4,3,2,0,2,3,32,2,2,1,2,1,0,0,1
3,9,2,5,166,0,1,0,1,0,3,0,23,2,0,0,2,0,1,0,0
1,9,2,3,100,0,2,0,1,0,1,2,29,2,1,0,2,0,0,1,1
3,18,4,1,585,4,0,1,2,0,3,3,38,2,1,0,3,0,1,0,0
0,12,0,4,780,0,2,3,2,0,1,1,28,2,0,1,2,0,1,0,1
3,10,2,7,50,2,4,3,2,0,3,3,46,2,2,0,2,0,1,0,0
1,24,2,0,173,0,1,3,2,0,1,0,23,1,1,0,1,0,0,0,1
3,12,4,4,446,4,4,0,2,1,3,0,49,2,1,0,2,0,1,0,0
3,36,3,4,707,0,2,3,2,0,1,2,26,2,1,1,3,0,1,0,1
3,12,2,4,62,0,2,3,3,0,1,0,28,2,1,0,2,0,0,0,0
0,30,2,3,462,0,3,3,1,0,3,0,23,2,0,0,2,0,0,0,1
1,18,2,7,169,4,2,3,2,0,3,3,61,2,2,0,2,0,0,0,0
2,12,2,4,604,4,4,1,2,0,2,2,37,2,1,0,3,0,0,0,0
2,12,3,0,424,0,2,1,1,0,1,2,36,1,1,1,2,0,1,0,0
3,6,2,3,316,0,2,0,3,0,1,1,21,2,0,0,2,0,0,0,0
0,18,2,3,471,0,0,3,2,0,0,2,25,2,1,0,0,0,0,0,1
3,12,2,9,277,0,3,1,2,0,3,2,36,2,1,0,2,0,1,0,0
3,18,4,1,660,0,3,2,2,0,0,2,27,2,1,1,2,0,0,0,0
0,18,2,3,642,0,1,0,1,0,3,2,22,2,0,0,2,0,0,0,0
0,36,2,3,610,0,4,3,2,0,1,2,42,2,1,0,2,1,0,0,1
1,18,2,3,554,0,3,1,1,0,3,0,40,2,0,0,2,0,0,0,0
3,36,2,0,568,4,2,3,2,0,3,0,36,2,1,0,2,0,0,0,0
3,18,4,4,774,0,4,2,2,0,3,2,33,2,1,1,2,0,1,0,0
3,10,4,3,406,0,1,0,1,0,2,0,23,2,0,1,2,0,0,0,0
3,60,4,0,908,4,4,1,2,0,3,3,63,0,2,0,3,0,1,0,0
1,60,1,2,914,1,4,2,1,0,3,3,60,0,2,1,3,0,1,0,1
0,48,1,9,840,0,3,1,1,2,3,2,37,2,0,0,2,0,0,0,1
3,18,3,4,440,0,0,1,3,0,2,0,34,2,1,1,2,0,0,0,0
3,7,3,4,73,4,4,2,2,0,3,3,36,2,2,0,2,0,0,0,0
1,36,2,0,911,0,4,3,2,0,1,3,57,2,2,0,3,0,1,0,1
3,6,4,0,5,1,2,3,1,0,3,2,52,2,1,1,1,0,0,0,0
0,20,2,3,415,4,3,3,2,0,3,2,39,2,1,0,2,0,1,0,0
1,18,2,1,907,0,0,2,1,0,3,3,38,2,2,0,3,0,1,0,1
3,22,2,0,184,4,3,3,1,0,3,1,25,2,0,0,2,0,0,0,0
2,12,2,0,203,0,1,3,2,0,0,0,26,2,1,0,2,0,0,0,0
3,30,3,9,696,1,2,1,2,0,1,1,26,2,1,1,1,0,0,0,0
3,18,4,4,421,0,2,1,1,0,0,2,25,2,1,1,2,0,0,0,0
3,18,2,4,131,4,1,3,1,0,1,0,21,2,0,0,2,0,1,0,0
1,18,4,3,826,0,0,3,2,0,3,1,40,1,1,1,3,0,1,0,0
1,15,4,9,443,2,2,1,2,0,3,2,27,0,1,0,2,0,0,0,0
3,9,2,9,246,0,3,2,1,0,1,2,27,2,1,1,2,0,0,0,0
3,18,2,0,326,0,2,1,3,0,1,1,30,2,1,0,3,0,1,0,0
1,12,2,3,104,3,1,0,1,0,3,0,19,2,0,0,1,0,0,0,0
0,36,2,0,589,0,3,1,2,0,3,3,39,0,2,0,3,1,1,0,0
0,6,4,4,365,0,3,0,1,0,3,2,31,2,1,0,2,0,0,0,0
3,9,4,3,462,0,0,1,2,0,2,2,31,2,1,0,3,0,0,0,0
1,39,3,7,896,1,3,1,2,0,2,3,32,2,0,0,2,0,1,0,0
0,12,2,3,486,0,0,2,1,0,3,3,55,2,2,0,3,0,0,0,0
0,36,4,3,450,0,2,2,3,0,1,1,46,2,1,1,2,0,1,0,0
1,12,2,0,161,0,4,0,0,0,0,0,46,2,0,1,2,0,0,0,1
3,24,4,4,266,3,2,3,1,0,0,0,43,2,1,1,1,0,0,0,0
3,18,2,4,252,0,1,2,3,0,3,0,39,2,1,0,2,0,1,0,0
1,18,4,9,343,4,2,3,3,0,3,0,28,0,1,1,2,0,0,0,0
3,24,3,9,864,0,1,1,2,0,1,2,27,0,1,1,2,0,1,0,1
3,14,3,0,68,0,2,3,2,0,1,2,27,2,1,1,1,0,0,0,0
1,18,3,0,541,4,4,3,2,0,3,2,43,2,1,0,2,1,0,0,0
1,24,2,4,382,0,1,0,3,0,0,1,22,2,1,0,2,0,1,0,1
3,24,4,1,413,4,3,3,2,0,3,2,43,2,1,1,2,1,1,0,0
0,15,2,4,117,0,1,3,3,0,1,0,27,2,1,0,2,0,0,1,0
3,24,2,4,587,2,4,2,0,0,1,2,26,2,1,0,3,0,1,0,0
2,12,4,0,95,2,3,3,3,0,1,0,28,2,1,2,2,0,1,0,1
1,24,2,4,369,0,4,3,1,0,3,2,20,2,1,0,2,0,1,0,0
3,33,4,1,823,0,3,2,2,0,1,2,35,2,1,1,3,0,1,0,0
3,12,4,9,433,0,0,3,2,0,1,2,42,1,1,1,3,0,1,0,1
3,10,2,0,298,2,2,2,2,0,1,3,40,2,0,0,1,1,0,1,0
0,24,2,0,225,4,2,3,1,0,1,1,35,2,1,0,2,0,0,0,1
3,36,4,1,766,0,4,1,2,0,1,1,35,2,1,1,2,1,1,0,0
0,12,2,0,487,0,1,3,2,0,0,0,33,2,1,0,1,1,0,0,1
0,18,3,7,860,4,2,0,1,0,1,2,23,2,0,1,2,0,1,0,0
3,21,2,0,525,2,3,0,1,0,1,2,31,0,1,0,3,0,0,0,0
1,18,2,0,112,4,2,3,1,0,1,1,33,2,1,0,2,0,0,0,1
3,15,2,0,581,3,3,1,1,0,2,2,20,2,0,0,2,0,0,0,0
1,12,2,1,379,4,2,3,2,0,1,2,30,2,1,0,2,0,0,0,0
1,12,4,0,99,0,3,1,2,0,2,0,47,2,1,1,1,1,0,0,0
3,21,3,3,295,1,3,3,2,0,2,0,34,2,1,1,3,0,0,0,0
1,12,2,3,520,4,4,0,1,0,1,1,25,0,1,0,2,0,1,0,1
1,18,2,1,524,0,2,0,3,0,2,2,21,2,0,0,2,0,1,0,0
3,28,4,4,512,0,4,3,2,0,1,2,29,2,1,1,2,0,0,0,0
3,18,4,4,135,3,2,3,2,0,2,0,46,2,1,1,2,0,0,0,0
3,9,2,3,198,0,4,0,2,0,3,2,20,2,1,0,2,0,0,0,0
0,18,4,6,146,0,0,1,1,0,3,3,55,2,2,2,0,1,0,0,1
3,5,2,9,612,0,3,0,2,0,3,0,74,2,1,0,1,0,0,0,0
1,24,2,2,893,0,2,1,2,1,2,2,29,0,1,1,3,0,1,0,1
0,6,4,3,338,0,0,3,2,0,3,3,36,2,2,2,3,0,1,0,0
3,24,4,6,384,0,2,3,0,0,1,0,33,2,1,1,2,0,1,0,0
0,9,2,3,402,0,2,2,2,0,1,0,25,2,1,0,2,0,0,0,0
1,12,2,4,256,4,2,1,3,0,0,0,25,2,1,0,2,0,1,0,1
3,6,2,6,32,2,3,1,3,0,3,0,23,2,0,0,1,0,0,0,0
3,24,4,0,186,3,4,3,1,0,3,0,37,2,1,1,2,0,1,0,0
0,42,4,6,602,0,0,3,2,1,3,2,65,2,1,1,0,0,0,0,0
2,12,1,9,23,0,1,3,1,0,0,0,26,2,1,0,0,0,0,0,1
3,12,2,0,342,0,4,3,2,0,3,2,39,2,1,0,3,0,1,0,0
0,12,2,3,301,0,2,1,1,1,2,1,30,2,1,0,2,0,0,0,0
1,20,3,2,496,0,2,1,2,0,2,2,29,0,1,1,2,0,1,0,0
3,12,2,7,49,0,4,3,2,0,3,2,41,0,1,0,1,1,0,0,1
1,48,4,3,739,0,2,1,1,0,2,2,30,2,1,0,3,0,1,0,1
3,9,4,7,171,4,4,3,1,0,3,1,41,2,0,1,1,0,0,0,0
0,36,2,0,331,0,1,3,1,0,3,2,34,2,1,0,2,0,1,0,1
1,7,2,4,484,0,2,1,2,2,1,0,35,2,1,0,2,0,0,0,0
2,12,2,3,240,4,4,2,1,0,3,0,55,2,1,0,3,0,1,0,0
1,15,3,6,264,3,2,2,3,0,2,1,61,1,1,1,2,0,0,0,1
3,36,4,1,892,4,2,3,2,0,1,2,30,2,1,0,3,0,1,0,0
3,6,2,4,17,0,2,2,1,0,0,0,29,2,1,0,2,0,0,0,0
3,12,0,3,518,0,4,1,2,0,3,1,34,2,1,1,2,0,0,0,0
3,24,2,1,501,0,4,3,2,0,3,2,35,2,1,0,3,0,1,0,0
0,24,2,0,731,0,3,1,2,1,2,1,31,2,1,0,2,0,1,0,1
3,24,2,1,504,0,1,3,1,0,0,3,29,2,1,0,3,0,1,0,0
0,11,4,0,666,0,2,1,2,0,1,0,36,2,0,1,2,1,0,0,0
0,12,2,1,601,0,4,2,2,0,3,3,35,2,2,0,2,0,1,0,1
0,6,2,5,4,0,1,3,1,0,0,0,27,2,1,0,2,0,0,0,0
3,18,2,4,714,0,1,2,2,0,1,2,32,2,1,0,2,0,1,0,0
0,36,2,3,637,0,2,0,2,2,1,1,37,2,1,0,2,1,0,0,0
0,15,2,0,309,0,1,1,2,0,2,0,36,2,1,0,2,0,0,0,0
1,12,2,3,556,0,1,2,1,0,0,0,34,2,0,0,3,0,0,0,0
1,12,2,8,57,4,4,3,2,0,3,1,38,2,1,1,2,0,0,0,0
3,18,2,9,363,0,3,3,2,0,0,2,34,1,1,1,2,0,1,0,0
0,24,2,1,545,0,2,2,2,2,3,3,63,0,1,0,2,1,1,0,0
0,24,3,4,305,0,1,3,1,0,1,2,29,2,0,0,1,0,1,0,1
3,48,3,4,822,4,4,2,2,0,2,2,32,0,1,1,2,1,0,0,0
3,33,3,9,521,0,2,1,1,0,1,2,26,2,1,1,2,0,1,0,0
3,24,3,1,720,0,3,2,2,0,2,2,35,2,1,1,1,0,1,0,0
1,24,2,4,569,1,1,2,3,0,1,2,22,2,0,0,2,0,1,0,1
0,6,2,7,13,0,1,3,1,0,3,1,23,2,1,0,2,0,0,0,1
0,9,2,0,31,0,2,3,2,0,2,2,28,2,1,0,1,0,0,0,1
3,6,2,8,168,4,0,3,2,0,3,1,36,2,1,0,3,1,1,0,0
1,18,4,4,172,0,2,3,3,0,1,2,33,2,1,0,2,0,0,0,1
0,18,0,3,573,0,1,0,1,0,3,1,26,2,0,0,2,0,0,0,1
3,39,2,1,482,2,2,3,2,0,3,2,24,2,1,0,2,0,0,0,0
2,24,2,4,744,0,3,3,2,0,1,2,25,0,1,0,2,0,0,0,0
1,12,2,9,110,1,3,2,2,0,3,0,39,2,1,0,1,0,0,0,0
0,15,4,3,254,0,4,3,2,0,3,2,44,2,1,1,2,1,1,0,0
1,12,4,4,627,0,2,0,1,0,0,0,23,2,1,0,1,0,0,0,0
1,24,2,0,151,0,1,3,2,0,0,1,26,2,1,0,2,0,0,0,0
0,30,2,3,639,3,4,3,1,0,3,1,57,2,0,1,2,0,1,0,0
3,15,3,3,101,3,3,2,1,0,1,1,30,2,1,1,2,0,0,0,0
3,12,4,0,139,2,2,3,2,0,3,0,44,2,1,0,2,0,1,0,0
1,6,3,0,156,0,0,3,2,0,3,1,47,2,1,0,3,0,1,0,1
3,12,2,4,567,0,2,1,2,0,3,2,52,2,1,0,2,0,1,0,0
3,24,2,0,650,0,4,3,1,1,3,3,62,2,2,0,2,0,1,0,0
3,10,2,0,238,1,2,2,2,0,1,0,35,2,0,0,1,0,0,1,0
3,6,2,0,619,0,2,1,2,2,2,1,26,2,0,0,2,0,0,0,0
3,12,4,4,356,0,4,1,2,0,1,3,26,2,1,1,2,0,0,0,0
1,27,0,9,856,0,4,1,1,0,3,3,42,2,2,1,3,0,1,0,1
3,6,4,4,167,1,2,0,1,0,0,1,27,2,1,1,2,0,0,0,0
1,6,2,4,6,4,4,3,2,0,3,1,38,2,1,0,2,0,0,0,0
0,12,4,0,397,0,2,2,2,0,1,0,39,2,0,1,1,1,0,1,0
0,24,2,3,553,4,2,1,3,0,3,2,20,2,1,0,2,0,0,0,1
1,36,2,3,868,1,1,3,2,1,0,3,29,2,0,0,3,0,1,0,1
3,24,4,3,294,0,3,3,2,0,2,1,40,2,1,1,2,0,0,0,0
1,18,2,4,194,0,4,3,3,2,1,0,32,2,1,0,1,0,0,0,0
2,6,4,0,202,1,4,1,0,0,3,2,28,2,1,1,2,1,1,0,0
0,24,2,0,574,0,1,3,1,0,0,1,27,2,1,0,2,0,0,0,1
0,36,2,1,755,0,4,1,2,0,3,3,42,2,2,0,2,1,0,0,0
2,9,2,4,131,1,4,1,0,0,3,0,49,2,1,0,2,0,0,0,0
1,24,4,4,158,1,1,3,2,0,3,3,38,0,1,1,2,1,0,0,1
0,24,2,0,155,0,1,3,1,0,3,1,24,2,0,0,2,0,0,0,1
3,10,2,0,196,4,2,3,2,2,3,1,27,2,1,0,1,0,0,0,1
2,15,4,1,453,2,2,1,2,0,1,2,36,2,1,0,2,0,1,0,0
1,15,1,0,810,1,0,0,2,0,1,1,34,2,1,0,3,1,1,0,1
3,24,2,4,236,0,2,3,3,0,1,1,28,2,1,0,2,0,0,0,0
3,39,2,1,862,1,4,3,2,0,1,2,45,2,1,0,3,0,1,0,0
0,12,2,0,58,0,3,3,2,0,1,0,26,2,1,0,2,0,0,0,1
3,36,2,1,721,0,2,1,2,0,1,3,32,2,2,0,3,0,1,0,0
2,15,2,9,506,0,3,1,2,0,3,1,26,2,0,0,2,0,1,0,0
1,12,3,4,20,0,2,3,3,1,3,0,20,2,0,1,2,0,0,0,0
3,24,2,0,427,4,1,3,2,0,0,1,54,2,1,0,2,0,0,0,0
0,6,4,0,23,0,3,3,1,0,2,1,37,2,1,1,2,0,0,1,0
0,6,4,0,217,0,1,1,2,0,3,0,40,2,1,0,1,1,0,1,0
3,36,4,3,818,0,1,1,1,0,3,1,23,2,0,1,2,0,1,0,1
0,6,2,0,152,1,4,2,2,0,1,1,43,2,1,0,2,0,1,0,0
3,6,4,4,43,4,4,3,2,0,3,3,36,2,2,1,2,0,0,0,0
3,24,4,6,756,0,4,2,2,0,3,3,44,2,2,1,2,0,0,0,0
0,18,2,4,582,0,2,1,1,0,1,0,24,2,1,0,2,0,0,0,1
0,48,0,3,817,0,2,2,2,0,3,3,53,2,2,1,2,1,0,0,1
3,24,2,1,614,1,3,2,1,0,3,2,23,2,1,0,2,0,0,0,0
1,18,2,4,129,0,2,3,1,2,3,0,26,2,1,0,1,1,0,0,0
1,26,2,1,849,0,1,1,2,0,2,2,30,2,1,1,2,0,0,0,0
3,15,4,7,272,1,2,3,1,0,2,2,31,2,1,0,2,0,0,0,0
3,4,4,4,262,0,3,1,2,0,0,0,42,2,1,1,1,1,0,0,0
0,36,2,4,436,0,2,3,0,0,3,2,31,2,0,0,2,0,0,0,1
0,6,2,0,33,0,1,2,2,0,3,0,41,2,1,0,1,1,1,0,0
1,36,2,7,428,0,3,2,2,0,0,2,32,2,1,1,2,1,0,0,0
1,15,2,0,497,1,2,1,1,0,3,2,28,2,0,1,2,0,1,0,1
3,12,3,1,262,0,2,3,3,0,3,0,41,2,0,0,2,0,0,0,0
3,24,2,4,197,1,3,3,3,0,2,1,26,2,1,0,2,0,1,0,0
3,24,2,4,571,4,1,3,2,0,1,2,25,2,1,1,2,0,0,0,0
2,21,4,7,439,0,1,1,0,0,0,2,33,2,0,0,2,0,0,0,1
0,6,2,0,222,4,0,3,1,0,2,1,75,2,1,0,3,0,1,0,0
1,18,4,3,635,0,4,2,1,0,3,1,37,2,1,0,2,0,1,0,0
0,48,2,0,843,0,4,3,2,0,3,3,42,0,2,0,3,0,0,0,1
2,18,2,3,560,0,1,0,1,0,0,1,45,1,1,0,1,0,0,0,0
1,12,2,4,274,0,1,0,3,0,0,0,23,2,0,0,2,0,0,0,1
3,24,3,0,381,0,4,3,2,0,3,3,60,2,2,1,2,0,1,0,0
0,30,2,3,791,4,4,3,2,0,3,1,31,2,1,0,2,0,0,0,1
2,18,2,3,537,0,2,1,2,0,0,0,34,2,1,0,1,1,0,0,1
3,12,4,0,175,0,4,3,2,0,3,0,61,2,1,1,1,0,0,0,0
0,24,3,0,205,0,0,3,2,0,1,0,43,2,2,1,2,1,0,0,1
3,24,4,0,378,0,2,3,1,0,3,2,37,2,1,0,2,0,1,0,0
3,24,2,4,282,0,3,2,2,0,0,2,32,0,1,0,2,1,0,0,0
0,12,1,4,26,0,2,3,1,0,3,0,24,0,1,0,1,0,0,0,1
3,48,4,1,865,4,3,1,2,0,0,3,35,2,2,1,2,0,1,0,0
3,12,4,6,105,4,3,3,1,0,3,0,23,2,1,1,2,0,0,0,0
3,6,1,4,314,2,4,1,2,0,3,1,45,0,1,0,1,1,0,0,0
0,48,2,4,815,0,3,0,3,2,0,0,34,2,1,1,2,0,1,0,1
1,12,4,0,375,1,1,3,2,0,0,2,27,2,1,0,2,0,0,0,0
1,9,2,7,149,0,3,3,1,0,3,1,67,2,1,1,3,0,1,0,0
1,12,2,4,204,0,1,1,2,0,0,2,22,1,1,0,2,0,0,0,1
1,18,0,0,429,1,1,2,1,0,2,2,28,2,1,1,2,0,0,0,1
3,21,0,0,736,4,2,0,1,0,3,1,29,0,1,1,2,0,1,0,1
0,24,1,3,622,0,3,2,2,0,3,2,27,0,1,0,2,0,0,0,1
1,18,4,3,355,0,1,1,2,0,1,0,31,2,1,1,1,0,0,0,1
0,24,2,1,548,4,4,3,2,0,3,3,49,0,2,0,2,1,1,0,0
0,24,1,4,280,0,3,3,2,2,3,2,24,0,0,0,1,0,0,0,1
2,6,3,4,38,0,1,1,1,0,0,1,29,0,1,0,2,0,0,0,0
1,36,2,0,902,4,2,0,2,0,3,3,37,2,2,0,2,0,1,0,1
1,24,3,9,722,4,2,3,2,0,1,1,37,0,1,1,3,0,1,0,0
1,24,3,4,283,1,3,2,1,0,1,1,23,2,0,1,2,0,1,0,0
0,12,2,0,221,0,3,1,0,0,2,2,36,2,1,0,2,0,0,0,1
3,24,4,4,486,3,4,1,2,0,1,2,34,2,1,0,2,0,0,0,0
1,48,2,4,679,4,3,3,2,0,0,2,41,2,1,1,2,1,1,0,0
0,48,2,4,806,0,2,2,1,0,1,2,31,2,1,0,2,0,1,0,1
0,24,2,3,586,0,1,3,1,0,3,0,23,2,0,0,1,0,1,0,1
3,30,4,4,771,0,3,2,2,1,1,2,38,2,1,0,2,0,0,0,0
3,24,2,1,754,4,0,1,1,0,3,1,26,2,0,0,3,0,1,0,0
0,15,2,9,70,0,2,3,1,0,3,1,22,2,1,0,1,0,0,0,0
1,9,2,4,122,0,4,3,2,0,3,2,27,2,1,1,1,0,0,0,0
3,15,4,3,526,0,3,1,1,1,2,2,24,0,1,1,2,0,0,0,0
1,12,2,4,546,0,3,1,1,0,0,0,27,2,1,0,2,0,0,0,0
3,24,4,7,354,4,2,2,1,0,1,2,33,2,1,1,2,0,1,0,0
1,36,4,0,529,0,1,3,0,0,3,2,27,2,1,1,2,0,0,0,1
3,24,2,8,94,0,1,3,3,0,2,2,27,2,1,1,1,0,0,0,0
1,18,4,0,119,0,4,2,2,2,2,0,30,0,1,1,2,0,0,0,1
1,12,4,0,575,0,1,0,2,0,2,0,49,0,1,1,1,1,0,0,0
3,9,2,3,228,0,2,3,1,0,1,0,26,2,0,0,2,0,0,0,0
1,36,2,6,456,0,1,3,2,0,0,3,33,2,0,0,1,0,0,0,1
3,12,2,0,400,4,4,3,1,0,3,3,52,2,2,0,3,0,1,0,0
0,18,2,3,382,0,2,0,1,0,3,0,20,0,0,0,2,0,0,0,1
0,9,4,0,527,0,2,1,2,0,1,0,36,2,0,1,2,1,0,0,0
0,12,2,3,188,0,2,3,2,2,0,1,21,2,1,0,1,0,0,0,0
0,18,2,5,159,0,2,3,3,0,2,0,47,2,1,0,1,0,1,0,1
0,12,4,3,423,0,4,2,2,0,2,1,60,2,1,1,2,0,0,0,1
0,12,4,4,7,0,3,3,1,0,2,0,58,2,1,3,1,0,1,0,0
1,24,3,0,368,4,2,3,1,0,3,2,42,2,0,1,2,0,1,0,0
3,21,2,9,290,3,4,3,1,0,3,0,36,0,1,0,1,0,0,0,0
1,24,2,0,510,0,2,2,1,0,3,1,20,2,0,0,1,0,1,0,1
0,24,1,2,215,4,4,3,2,0,2,2,40,1,1,0,3,0,1,0,1
1,6,1,0,91,1,1,0,1,0,0,1,32,1,1,0,1,0,0,0,1
0,24,2,0,243,0,3,3,1,0,3,2,23,2,0,1,2,0,0,0,1
1,24,0,9,694,0,2,0,2,0,3,0,36,2,1,2,1,0,1,0,1
3,18,4,0,523,0,3,1,2,0,1,1,31,0,1,1,2,0,0,0,1
3,24,3,9,662,0,2,0,2,0,1,3,32,2,2,0,2,0,0,0,0
1,7,2,4,445,0,1,0,1,2,0,0,45,2,1,0,2,0,0,0,0
1,9,2,3,87,0,2,3,1,0,0,1,30,2,1,0,2,0,0,0,1
1,24,1,7,330,0,3,3,1,0,3,3,34,0,2,0,1,0,0,0,1
3,36,2,3,595,0,2,3,1,0,1,2,28,2,1,0,3,0,1,0,1
2,10,2,3,181,0,1,3,1,0,1,1,23,2,1,0,2,0,0,0,0
0,24,1,3,531,2,2,3,2,0,3,0,22,1,1,0,2,0,1,0,0
3,24,4,9,709,0,2,2,2,0,1,0,74,2,1,0,3,0,1,0,0
1,36,2,4,502,1,2,3,1,1,3,3,50,2,2,0,2,0,0,0,1
3,18,2,4,383,0,1,3,2,0,0,0,33,2,1,0,2,0,0,0,0
3,15,2,1,193,4,4,3,2,0,3,3,45,0,2,0,2,1,0,0,0
0,12,2,5,53,1,0,3,1,0,2,1,22,2,1,0,2,0,0,0,1
2,10,2,0,170,1,4,0,1,0,3,3,48,2,2,0,1,1,0,0,1
0,21,2,4,596,3,1,3,1,0,1,2,29,0,1,0,2,0,0,0,0
0,24,1,1,640,0,2,0,1,2,3,2,22,0,0,0,2,0,0,1,0
3,18,3,3,323,0,3,3,1,0,0,0,22,2,1,0,2,0,0,0,1
1,48,0,9,901,4,2,1,2,0,1,2,48,0,1,0,3,0,1,0,0
1,60,3,4,870,4,2,1,2,0,1,3,27,2,2,0,3,0,0,0,0
0,6,4,0,647,0,2,0,2,0,2,0,37,2,0,2,2,1,0,0,0
1,30,2,3,609,1,2,1,1,1,3,2,21,2,0,0,2,0,0,0,1
3,12,2,0,29,0,2,3,0,0,1,0,49,2,1,0,1,0,0,0,0
1,21,4,9,644,0,3,1,2,0,2,1,27,2,1,1,2,0,0,0,0
3,18,4,0,271,0,2,2,2,0,1,1,32,0,1,1,2,0,0,0,1
3,48,2,9,668,4,2,3,0,0,1,0,38,0,1,0,2,0,0,0,1
0,12,2,3,334,0,1,3,1,0,0,2,22,2,0,0,2,0,0,0,0
0,18,2,4,489,0,2,3,2,0,3,3,65,2,2,1,2,0,0,0,1
3,15,2,4,371,4,4,3,2,0,1,2,35,2,1,0,2,0,0,0,0
2,6,2,3,394,0,2,1,2,0,1,0,41,2,1,0,2,0,1,0,0
1,9,1,0,242,1,3,1,2,0,2,3,29,2,1,0,2,0,0,0,1
3,42,4,3,683,2,2,3,2,0,3,0,36,2,1,1,2,0,1,0,0
3,9,2,7,657,4,4,0,2,0,3,0,64,2,1,0,1,0,0,0,0
0,24,2,4,646,0,2,1,1,0,3,2,28,2,1,0,2,0,0,0,0
0,18,1,3,283,0,2,3,2,0,2,2,44,0,1,0,2,0,0,0,1
1,15,2,4,244,4,1,3,2,0,0,1,23,2,1,0,2,0,0,0,0
3,9,2,3,372,0,1,1,1,1,1,2,19,2,0,1,2,0,0,0,1
1,24,2,0,214,0,1,2,1,0,3,2,25,2,1,0,1,0,1,0,1
3,12,2,7,230,0,4,3,2,0,3,1,47,0,1,2,2,1,1,0,0
3,24,2,4,223,2,3,3,1,0,0,2,28,2,1,0,2,0,0,0,0
3,60,3,4,916,0,3,1,2,0,3,2,21,2,1,1,2,0,1,0,0
3,12,2,4,257,0,1,3,1,0,2,2,34,2,1,0,2,1,0,0,0
0,42,3,4,702,0,3,2,2,0,1,1,26,0,1,1,2,1,1,0,1
0,18,2,7,55,0,0,3,1,0,0,0,27,2,1,0,0,0,0,0,1
1,15,2,6,195,0,4,3,2,0,3,2,38,2,1,1,1,0,0,0,0
3,15,2,7,717,1,2,2,2,0,1,1,40,2,1,0,3,0,1,0,1
3,24,4,4,333,0,3,3,3,2,1,2,33,2,1,1,2,0,1,0,0
0,18,4,4,339,0,3,3,3,0,0,1,32,2,1,1,3,0,1,0,0
3,36,3,9,850,4,1,3,2,0,3,2,27,2,0,1,2,0,1,0,1
0,30,0,3,712,0,2,1,0,2,1,0,32,2,1,1,2,0,0,0,0
3,12,2,0,227,2,2,1,1,0,1,1,26,2,1,0,2,0,0,0,1
2,24,2,0,96,0,3,3,2,0,2,3,38,0,2,0,2,1,0,0,1
0,12,2,7,39,0,2,3,2,0,3,2,40,2,0,0,1,1,0,0,1
0,48,2,7,833,0,3,3,2,0,0,3,50,2,2,0,3,0,1,0,0
1,12,2,3,351,0,2,3,2,0,1,1,37,2,1,0,1,0,0,0,1
0,24,2,0,437,0,4,3,2,1,0,0,45,2,1,0,2,0,0,0,1
1,36,3,0,853,1,4,1,2,0,3,2,42,2,1,3,3,0,1,0,1
3,24,4,1,449,0,3,3,2,0,2,2,35,2,1,1,2,0,1,0,0
0,14,2,0,677,0,0,0,2,0,3,3,22,2,2,0,2,0,0,0,0
1,12,2,0,80,0,4,3,2,0,3,2,41,0,1,0,1,1,0,0,1
3,48,2,4,883,4,3,3,2,0,2,2,37,1,1,0,2,0,1,0,0
1,30,0,9,693,0,2,1,1,0,0,2,28,2,1,1,2,0,0,0,0
1,18,4,3,792,0,4,1,2,0,0,3,41,2,1,0,2,0,1,0,0
2,12,2,4,191,0,2,2,3,0,3,0,23,2,0,0,2,0,0,0,0
0,12,2,0,82,4,2,3,3,0,1,2,23,2,1,0,2,0,0,0,1
3,21,2,3,422,0,4,3,2,0,1,0,50,2,1,1,2,0,0,0,0
1,6,3,3,116,0,0,3,2,0,0,1,35,1,1,1,3,0,1,0,0
2,6,4,7,113,0,2,1,1,0,3,1,50,2,1,0,1,0,0,0,0
3,24,4,2,789,0,0,3,2,1,1,3,27,0,1,1,3,0,1,0,0
1,30,1,3,615,3,2,3,2,0,1,2,34,1,1,0,2,1,1,0,0
3,48,1,9,634,0,2,0,1,0,0,0,27,1,1,0,2,0,0,0,0
0,12,4,0,732,0,4,2,2,1,3,1,43,2,0,1,2,0,1,0,1
2,30,4,4,556,0,4,3,2,0,3,1,47,2,1,0,2,0,0,0,0
3,24,4,9,687,1,2,2,2,0,2,1,27,2,1,1,1,0,1,0,0
3,36,2,9,760,1,3,1,2,0,1,2,31,2,1,1,2,0,1,0,0
3,60,2,0,885,0,4,1,2,0,3,1,42,2,1,0,3,0,1,0,0
3,6,4,0,389,2,2,0,3,0,1,2,24,2,1,0,2,0,0,0,0
3,21,3,9,488,2,1,3,2,0,1,0,41,0,1,0,1,1,0,0,1
3,30,4,4,710,0,3,3,1,0,3,2,26,2,0,0,3,0,1,0,0
3,24,4,3,743,0,4,3,2,0,3,2,33,2,1,0,2,0,1,0,0
1,72,2,4,758,1,2,1,3,0,1,2,24,2,1,0,2,0,0,0,1
0,24,2,4,456,0,4,3,2,0,3,0,64,0,0,0,1,0,0,0,0
3,18,2,4,247,0,1,2,1,0,0,0,26,2,1,0,2,0,0,0,0
3,6,2,7,276,0,1,0,1,0,1,3,56,2,1,0,2,0,0,0,0
3,12,2,4,430,4,2,3,2,0,3,3,37,2,2,0,2,0,1,0,0
3,15,3,4,254,0,2,3,3,0,2,0,33,0,1,1,2,0,0,0,0
3,24,4,4,740,0,1,2,3,0,2,3,47,2,2,2,2,0,1,0,0
1,36,3,9,879,1,3,0,2,0,2,1,31,2,1,1,1,1,1,0,0
3,60,2,0,798,4,2,3,2,0,3,3,34,2,2,0,2,1,1,0,0
2,10,4,4,212,4,3,3,2,0,1,1,27,2,1,1,2,0,1,0,0
1,36,3,0,536,1,4,3,2,0,2,3,30,2,2,0,2,0,0,0,0
3,9,2,4,517,1,4,2,2,1,3,2,35,2,1,0,2,0,1,0,0
0,12,2,0,643,3,2,0,2,0,2,1,31,2,1,0,2,1,0,0,0
0,15,4,3,102,0,2,1,0,0,2,1,25,2,1,1,2,0,0,0,0
1,15,2,6,497,1,2,2,1,0,1,0,25,2,1,0,1,0,0,0,0
1,24,2,4,540,1,1,1,2,0,0,2,29,2,1,0,2,0,0,0,0
0,6,4,0,723,4,1,0,2,0,2,0,44,2,1,1,1,1,0,0,0
3,24,2,4,431,0,3,3,2,0,1,2,28,2,1,0,2,0,1,0,0
3,6,2,1,166,2,2,1,2,0,3,1,50,2,0,0,2,0,0,0,0
1,12,2,4,126,0,3,3,2,2,2,0,29,2,1,1,2,0,0,1,0
3,12,4,0,88,0,0,0,1,0,1,1,38,2,1,0,0,0,0,0,0
3,18,4,4,321,0,2,3,2,0,1,2,24,2,1,1,2,0,0,0,0
2,15,2,7,347,0,4,3,2,0,3,2,40,2,0,0,3,0,1,0,0
3,12,2,3,130,2,2,3,1,0,3,2,29,2,0,0,1,0,0,0,1
0,48,4,1,790,0,4,3,2,0,3,3,46,2,2,1,2,0,1,0,1
2,24,2,4,224,1,4,3,1,0,1,3,47,2,2,0,2,0,1,0,0
1,30,3,9,474,1,4,3,2,0,1,1,41,1,1,1,2,0,0,0,0
1,27,2,9,480,0,1,3,1,0,0,1,32,2,1,0,2,1,1,0,0
3,15,2,0,751,2,4,0,1,0,3,3,35,2,2,0,2,0,0,0,0
1,48,2,0,799,1,3,2,2,0,1,1,24,2,1,0,2,0,0,0,1
1,12,0,3,549,0,1,3,1,0,2,1,25,2,0,1,2,0,0,0,1
1,9,2,4,154,0,4,3,1,0,3,0,25,2,1,0,2,0,0,0,0
1,9,2,4,395,0,2,1,2,0,1,0,37,2,1,0,1,1,0,0,0
3,18,4,4,27,2,4,3,2,0,2,1,32,0,1,1,3,0,1,0,0
0,6,1,7,148,0,4,3,1,0,3,3,35,2,2,0,2,0,0,0,1
3,21,2,1,472,4,4,3,2,0,3,0,46,2,1,0,3,0,1,0,0
0,9,4,4,134,0,2,3,2,0,3,0,25,2,1,1,1,0,0,0,0
1,60,2,0,909,0,3,3,2,0,1,3,27,2,1,0,3,0,1,0,1
3,30,4,1,837,4,4,0,2,0,3,2,63,2,1,1,2,0,0,0,0
3,30,4,4,567,4,4,2,2,0,1,2,40,2,1,1,2,1,1,0,0
3,18,2,4,263,0,2,3,2,0,1,3,32,2,2,0,3,0,1,0,0
2,24,4,4,576,4,2,2,2,0,1,2,31,2,1,1,2,0,1,0,0
1,20,0,1,778,1,4,2,3,0,3,2,31,0,1,1,2,0,1,0,0
2,9,0,4,206,0,1,3,2,0,1,2,34,2,1,1,3,0,1,0,1
1,6,1,7,12,3,1,3,1,0,1,1,24,0,0,0,2,1,0,0,1
0,12,2,0,164,0,2,3,1,0,1,0,24,2,1,0,1,0,0,0,1
1,9,2,4,65,2,2,3,1,0,2,0,66,2,1,0,1,0,0,0,0
3,27,2,0,483,0,2,2,1,0,2,0,21,2,0,0,2,0,0,0,1
3,6,4,0,0,3,2,1,1,0,1,0,41,0,1,1,1,0,0,0,0
3,15,4,4,199,2,2,1,3,0,1,1,47,2,1,1,1,0,0,0,0
0,18,2,4,341,0,2,3,1,0,3,2,25,0,0,1,2,0,0,0,1
1,48,1,9,794,0,4,3,1,0,2,3,59,2,0,0,2,0,0,0,1
2,24,4,9,181,3,2,1,0,0,3,0,36,2,1,1,2,0,1,0,0
1,24,3,4,793,0,1,0,2,0,1,2,33,2,1,0,2,0,0,0,0
0,24,2,4,374,0,2,1,2,0,3,0,21,2,0,0,1,1,0,0,1
1,8,2,4,59,0,3,3,1,2,1,0,44,2,1,0,1,0,0,0,0
3,24,2,1,490,3,2,1,1,0,3,2,28,2,0,0,2,0,1,0,0
3,4,4,0,599,0,3,0,1,0,0,0,37,2,1,0,2,1,0,0,0
1,36,1,5,680,4,1,2,1,0,1,3,29,0,1,0,0,0,0,0,0
1,24,2,1,894,0,2,0,1,0,3,2,23,2,0,1,3,0,0,0,1
0,18,2,0,703,1,2,2,2,0,3,2,35,2,1,0,1,1,1,0,0
3,6,4,0,807,0,3,0,2,0,2,3,45,2,1,1,3,1,1,0,0
1,30,0,9,697,1,2,3,1,0,3,2,26,2,0,1,1,0,0,0,1
0,24,1,0,442,1,3,1,2,0,2,2,32,0,1,0,2,0,0,0,0
1,10,1,4,114,0,2,3,2,0,3,0,23,1,1,0,1,0,0,0,0
3,21,2,4,578,4,4,3,2,0,2,1,41,2,1,0,2,0,1,0,0
0,24,1,3,473,2,2,3,2,0,3,0,22,1,1,0,2,0,1,0,0
0,39,4,3,910,4,3,3,2,0,3,1,30,2,1,1,3,0,1,0,0
0,13,4,9,320,0,1,2,2,0,0,1,28,0,1,1,1,0,0,0,0
0,15,2,0,476,0,0,0,1,0,3,2,23,2,0,0,2,0,0,0,0
0,12,2,0,180,0,1,2,1,0,0,0,37,2,1,0,1,0,0,0,1
3,21,2,1,748,4,2,0,2,0,2,2,26,2,1,0,2,0,0,0,0
3,15,2,1,558,0,3,1,2,0,1,2,33,2,1,0,2,0,0,0,0
0,6,2,3,11,0,4,1,1,0,0,1,49,0,1,0,2,0,1,0,0
0,18,2,0,103,0,1,0,1,0,1,2,23,2,1,0,1,0,0,0,1
1,12,2,9,72,1,3,1,1,0,3,0,23,2,0,0,1,0,0,0,0
3,30,4,4,762,0,3,3,1,0,1,2,25,2,1,1,2,0,0,0,0
3,12,3,6,285,3,4,3,2,0,3,3,55,2,2,1,2,1,0,0,1
0,24,2,0,185,4,3,3,1,0,3,3,32,2,0,0,2,0,0,0,1
2,6,4,0,192,0,2,0,2,0,0,0,74,2,1,2,0,1,0,1,0
2,15,4,4,179,4,2,2,2,0,3,3,39,2,2,1,2,0,1,0,1
3,24,2,0,230,0,2,1,2,2,1,0,31,2,1,0,2,0,1,0,0
0,12,4,0,41,0,4,3,2,0,2,1,35,2,1,1,2,0,0,0,1
3,15,4,0,737,4,4,0,1,0,3,2,59,2,1,0,2,0,1,0,0
0,18,4,3,398,0,2,3,1,0,3,0,24,2,0,1,2,0,0,0,1
0,12,2,4,416,0,2,3,2,0,2,1,24,2,1,0,1,0,0,0,0
3,21,4,0,905,4,4,3,2,0,3,3,30,2,2,0,3,0,1,0,1
3,24,4,0,470,1,3,3,3,0,2,1,27,2,1,1,2,0,1,0,0
1,12,2,4,137,0,4,2,3,2,2,0,40,0,1,1,1,0,0,0,0
0,30,2,3,572,0,1,1,0,0,3,1,31,2,1,0,1,0,0,0,1
3,10,2,1,542,4,1,0,1,0,3,0,31,2,0,0,2,0,0,0,0
1,12,4,3,636,0,4,0,2,0,3,2,28,2,0,2,2,0,1,0,0
3,12,4,4,303,0,4,1,2,0,3,0,63,2,1,1,1,0,1,0,0
0,24,2,1,528,4,4,1,1,0,3,0,26,2,0,0,2,0,0,0,0
0,36,4,7,851,0,2,2,1,0,1,3,25,2,1,1,3,0,1,0,1
3,21,4,1,590,0,4,0,2,0,3,2,36,2,1,0,3,0,1,0,0
3,24,4,4,418,1,4,3,2,0,3,1,52,0,1,1,2,0,0,0,0
2,12,4,0,255,2,0,1,2,0,3,3,66,0,2,2,0,0,0,0,0
0,24,2,0,220,4,2,3,1,0,3,0,25,2,0,0,2,0,0,0,1
3,36,4,0,621,0,3,3,2,0,3,2,37,2,1,1,2,0,1,0,0
0,18,2,4,617,0,3,3,1,2,0,0,25,2,1,0,2,0,0,0,0
3,36,4,1,759,3,4,3,2,0,1,2,38,2,1,1,3,0,1,0,0
1,18,2,6,664,0,0,1,1,0,3,2,67,2,1,0,2,0,1,0,0
1,39,4,4,735,0,3,1,2,2,1,0,25,2,1,1,2,0,0,0,1
3,24,4,0,360,3,4,3,2,0,3,0,60,2,1,0,2,0,1,0,0
1,12,0,8,234,0,2,1,2,0,1,0,31,2,1,0,1,0,1,0,0
1,12,2,0,71,1,1,3,1,0,1,1,23,0,1,0,1,0,0,0,1
1,20,2,1,797,4,0,0,0,0,3,0,60,2,1,0,3,0,1,0,0
1,18,2,9,361,3,2,3,2,0,1,1,35,2,1,0,1,0,1,0,0
3,22,2,4,503,2,4,2,2,0,3,2,40,2,1,0,2,0,0,0,0
3,48,4,1,516,4,4,3,2,0,2,2,38,2,1,1,2,1,1,0,0
1,48,3,7,782,0,4,3,2,0,3,3,50,2,2,0,2,0,0,0,1
0,40,4,7,773,0,2,3,2,0,2,3,27,0,1,0,2,0,1,0,1
1,21,2,9,145,0,4,1,1,0,3,1,39,2,1,0,2,1,0,0,1
3,24,2,1,788,4,4,2,2,0,3,2,41,2,1,0,3,1,1,0,0
3,6,4,3,160,4,2,0,3,0,1,1,27,2,1,1,2,0,0,0,0
2,24,2,3,539,0,4,2,0,0,3,3,51,2,2,0,2,0,0,0,0
3,24,2,3,564,2,4,3,2,0,2,3,32,2,0,0,2,0,1,0,0
3,9,2,3,435,1,1,1,1,0,3,1,22,2,0,0,2,0,0,0,0
0,18,2,1,835,4,4,0,2,0,3,1,51,2,2,0,2,1,1,0,1
3,12,4,3,176,0,1,1,1,0,3,1,22,2,0,1,1,0,0,0,0
3,24,3,0,48,4,4,3,3,0,3,2,54,2,1,1,2,0,1,0,0
1,9,2,0,281,4,1,3,2,0,1,0,35,2,1,0,0,0,0,0,0
3,24,4,7,298,0,4,3,2,0,3,3,54,2,2,1,2,1,0,0,0
1,18,4,4,319,0,4,2,1,2,3,0,48,0,0,1,1,0,1,0,0
0,20,4,3,696,0,4,0,1,0,3,1,24,2,1,1,2,0,0,0,0
3,12,4,4,103,4,4,3,2,0,3,2,35,2,1,1,2,0,0,0,0
1,12,2,0,832,4,0,0,1,0,1,0,24,2,0,0,0,0,0,0,0
0,36,2,0,871,0,3,1,2,0,0,2,24,2,1,0,2,0,1,0,1
1,6,2,4,21,0,1,2,3,0,2,0,26,2,1,0,1,0,0,1,0
3,12,4,4,90,4,4,3,2,0,3,0,65,2,1,3,2,0,0,0,0
1,42,1,1,873,0,0,0,2,0,1,3,55,0,2,0,3,0,1,0,0
1,15,0,0,318,0,1,1,1,0,0,0,26,2,0,1,0,0,0,0,1
1,8,2,9,84,0,1,2,3,0,1,0,26,2,1,0,2,0,1,0,0
1,6,2,4,16,0,3,2,3,2,2,0,28,0,1,0,1,0,0,0,0
0,36,4,1,878,0,3,3,2,0,3,2,24,2,1,1,2,0,1,0,1
0,48,2,5,561,0,2,2,2,0,3,2,54,2,1,0,2,0,0,0,1
0,48,2,0,670,0,3,3,2,0,3,3,46,2,2,0,2,1,0,0,1
1,36,3,0,831,0,2,1,1,0,1,1,54,2,0,0,2,0,0,0,0
3,6,2,5,207,2,2,0,0,0,3,0,62,2,1,0,2,0,0,0,0
3,6,4,4,284,0,3,0,1,0,1,2,24,2,0,1,2,0,1,0,0
0,36,2,2,918,0,0,1,0,1,2,2,43,2,1,0,3,0,0,0,0
0,18,2,4,210,0,2,3,3,0,2,0,26,0,1,0,2,0,0,0,1
3,12,2,0,125,0,2,2,3,0,1,0,27,2,1,1,2,0,1,0,0
2,12,2,4,555,0,2,2,3,0,0,2,24,2,1,0,2,0,0,0,0
0,36,2,3,509,0,4,1,2,0,1,1,41,0,1,0,2,1,0,0,1
0,8,4,0,52,0,4,3,2,0,3,0,47,2,1,1,1,0,0,0,0
3,18,4,3,654,0,1,2,0,0,1,2,35,2,1,1,3,0,1,0,0
0,21,4,0,299,0,4,3,3,0,2,2,30,2,1,1,2,0,1,0,0
0,18,4,0,675,0,4,0,1,0,3,0,33,0,0,2,2,0,1,0,1
3,18,0,9,690,0,2,1,2,0,1,2,36,1,1,1,2,1,0,0,1
0,36,2,1,857,4,4,2,2,0,3,3,47,2,2,0,2,0,0,0,1
1,48,3,9,804,4,2,3,2,0,3,3,38,2,2,0,2,1,1,0,0
3,24,3,9,455,2,2,3,2,0,1,2,44,2,1,1,2,1,1,0,0
0,18,2,0,158,0,1,3,1,0,2,2,23,2,0,0,2,0,1,0,1
0,45,0,9,897,0,4,1,2,0,3,2,29,2,0,1,2,0,0,0,1
1,24,2,4,738,4,4,1,1,0,3,2,42,2,1,0,2,0,1,0,0
2,15,2,4,444,0,1,1,1,0,2,0,25,2,1,0,1,0,0,0,1
0,12,0,0,122,0,2,3,2,0,3,2,48,0,1,1,2,0,0,0,1
3,12,2,4,79,4,2,3,1,0,1,2,21,2,1,0,2,0,0,0,0
3,4,2,3,22,0,1,0,1,0,2,0,23,2,0,0,1,1,0,0,0
0,24,4,1,547,0,4,3,2,0,3,1,63,2,1,1,2,0,1,0,0
3,24,4,4,492,0,4,3,3,1,2,0,46,2,1,1,2,0,0,0,0
0,36,2,3,745,0,3,3,2,0,1,1,29,2,1,0,2,0,0,0,1
3,21,3,1,552,0,2,2,2,0,1,0,28,1,1,1,1,0,0,0,0
3,18,2,6,362,0,1,3,1,0,3,0,23,2,1,0,2,0,0,0,1
3,24,1,9,286,0,3,3,2,0,3,2,50,0,1,0,2,0,1,0,0
3,18,2,3,607,0,4,3,2,0,3,1,47,0,1,2,2,1,1,0,0
1,21,2,3,678,4,3,1,2,0,2,2,35,2,1,0,2,0,1,0,0
3,18,2,0,807,4,2,1,2,0,3,2,68,2,0,1,2,0,0,0,1
3,24,2,0,174,0,1,3,3,0,1,0,28,2,1,0,2,0,0,0,0
0,9,2,4,218,0,3,2,2,0,3,0,59,2,1,0,2,0,0,0,0
0,12,2,4,47,0,4,3,2,0,3,0,57,1,1,0,1,0,0,0,1
0,20,4,0,420,0,2,3,3,2,1,1,33,0,0,1,2,0,0,1,1
3,24,4,1,683,4,3,2,2,0,3,1,43,2,1,1,2,0,1,0,0
3,15,4,4,251,0,2,3,2,0,3,3,35,2,2,1,2,0,1,0,0
0,18,1,0,243,0,3,3,2,0,3,3,32,2,2,1,1,1,0,0,1
3,36,3,0,889,0,4,1,2,0,1,2,45,2,1,1,2,1,1,0,0
3,24,2,0,253,1,1,3,3,0,2,0,33,2,1,0,2,0,1,0,0
3,10,2,8,81,4,3,3,1,0,2,1,40,2,1,0,2,0,1,0,0
3,15,4,3,593,0,2,3,2,0,1,3,28,2,2,0,2,0,1,0,0
0,15,2,0,673,0,2,2,1,0,1,1,29,2,1,0,2,0,1,0,1
3,9,2,0,628,1,2,0,2,2,1,0,26,2,0,0,2,1,0,1,0
3,24,4,1,765,3,2,3,2,0,1,0,27,2,1,1,2,0,0,0,0
3,18,3,9,409,0,2,3,3,0,1,2,28,2,1,0,2,0,1,0,1
0,24,2,4,466,0,1,3,1,0,3,0,35,2,1,0,2,0,1,0,1
3,27,4,3,709,3,1,3,2,0,1,0,32,1,1,1,1,1,1,0,0
3,10,2,3,414,0,2,1,2,0,1,0,25,0,0,0,1,0,0,0,1
3,15,2,3,417,2,2,1,1,0,3,2,20,2,0,0,2,0,0,0,0
0,18,2,4,457,0,1,3,1,0,0,2,27,1,1,0,2,0,0,0,0
3,12,4,3,591,0,4,1,2,0,3,1,42,1,1,0,2,0,0,0,0
3,36,2,9,829,4,4,2,2,0,1,1,37,2,1,1,2,0,0,0,0
0,12,2,3,30,0,4,3,1,0,3,1,24,2,0,0,2,0,0,0,0
3,36,3,3,839,2,3,1,1,0,3,2,40,2,1,1,2,0,1,0,0
2,6,4,0,208,0,4,0,2,0,3,0,46,2,1,1,2,1,0,1,0
0,24,4,9,226,1,3,3,2,0,0,0,26,2,1,1,2,0,1,0,0
3,15,2,5,76,4,1,3,1,0,0,0,24,2,1,0,2,0,0,0,0
0,12,2,3,630,0,2,1,2,1,1,1,29,2,1,0,1,1,0,0,0
1,11,4,0,201,3,2,3,1,0,3,2,40,2,1,1,2,0,0,0,0
0,18,1,4,360,0,1,2,2,1,3,3,36,0,2,0,3,0,1,0,0
3,36,2,4,632,0,4,3,2,0,1,2,28,2,1,0,2,0,0,0,0
0,9,2,0,239,0,1,2,2,0,1,3,27,2,2,0,3,0,1,0,1
3,30,4,4,805,4,3,1,2,0,2,1,36,2,1,1,2,0,0,0,0
3,24,2,1,844,0,3,2,2,0,2,2,38,2,1,0,3,0,1,0,0
3,24,2,1,872,4,2,1,0,0,3,3,48,2,2,0,2,0,1,0,0
1,30,4,0,411,4,4,3,2,0,3,0,36,2,1,1,2,0,0,0,0
3,18,4,4,124,0,0,3,1,0,3,2,65,2,1,1,0,0,0,0,0
1,24,2,3,684,0,3,2,0,0,2,2,43,2,1,0,2,0,1,0,1
0,12,2,7,66,0,1,3,1,0,3,1,53,2,1,0,2,0,0,0,1
1,24,4,9,530,4,3,3,2,0,2,3,34,2,1,1,2,1,1,0,0
1,48,2,9,917,0,2,1,2,0,1,2,23,2,1,0,2,0,1,0,1
3,36,4,0,802,0,4,3,2,0,3,2,34,2,1,1,3,0,1,0,0
3,28,1,1,845,4,1,2,2,2,3,0,40,0,0,1,2,1,1,0,0
0,27,4,9,467,0,4,3,2,0,3,2,43,1,1,3,3,1,1,0,0
3,15,4,4,328,0,4,3,2,0,3,2,46,2,1,1,2,0,1,0,0
0,12,4,0,410,0,2,3,2,0,3,1,38,0,1,1,1,0,0,1,0
1,36,4,1,763,0,2,2,2,0,3,2,34,2,1,1,2,0,1,0,0
3,18,4,4,142,4,2,3,2,0,2,1,29,2,1,1,2,0,1,0,0
3,36,3,1,866,4,3,2,2,0,1,2,31,1,1,0,3,1,1,0,0
0,21,2,4,491,0,1,3,1,0,3,1,28,2,0,0,3,0,1,0,0
3,12,4,3,296,3,3,2,1,0,1,1,35,2,1,0,2,0,0,1,0
3,15,2,3,412,4,3,0,1,0,3,0,33,0,0,0,1,0,0,0,0
0,18,2,3,689,0,2,1,2,1,2,2,42,2,1,0,2,0,0,0,1
0,16,4,0,495,0,4,1,2,2,3,1,43,0,0,0,2,0,1,0,1
3,20,4,0,613,4,1,1,0,0,3,0,44,2,1,1,2,0,1,0,0
3,36,4,1,886,4,4,1,2,0,3,3,42,2,2,1,2,0,0,0,0
3,15,2,4,227,4,2,3,3,0,1,0,40,2,0,0,2,0,1,0,0
3,24,2,4,182,0,4,3,2,0,0,0,36,2,1,0,3,0,1,0,0
0,12,2,4,127,0,2,1,2,0,1,0,20,2,0,0,3,1,1,0,0
0,21,2,0,652,4,3,1,2,1,1,0,24,2,1,0,1,0,0,1,0
1,36,2,7,648,4,2,1,3,0,1,2,27,2,1,0,2,0,0,0,0
3,15,3,1,631,0,1,0,1,0,1,1,46,2,1,1,1,0,0,0,0
1,9,2,0,583,4,2,0,1,0,1,0,33,2,1,0,1,0,0,0,0
3,36,3,4,705,0,2,3,1,0,3,0,34,2,1,1,2,0,0,0,0
1,24,4,3,724,0,1,1,1,0,3,2,25,0,1,0,1,0,0,0,1
1,30,2,4,551,4,4,1,1,0,3,2,25,2,1,0,2,0,0,0,0
3,11,2,9,404,3,4,0,0,0,1,0,28,2,1,0,2,0,1,0,0
0,24,1,9,579,0,2,3,2,0,1,1,31,2,0,0,2,0,1,0,1
1,48,0,2,920,0,2,0,1,0,1,1,32,0,1,0,3,0,1,1,1
3,10,2,1,534,1,2,0,2,1,1,0,32,2,1,0,2,1,0,0,0
0,6,2,0,915,0,4,0,2,0,3,3,68,0,1,0,3,0,1,0,1
0,24,2,3,452,1,0,0,0,0,0,1,33,2,1,0,2,0,0,0,1
0,24,2,3,594,0,4,3,2,0,1,1,39,2,0,0,3,0,1,0,1
3,18,4,3,324,0,2,3,1,0,1,3,28,2,1,1,2,0,0,0,0
3,48,3,4,906,2,3,3,2,0,0,2,37,2,1,0,3,0,1,0,0
0,9,2,4,219,0,1,2,1,0,3,1,22,2,0,0,2,0,0,0,1
1,12,2,0,376,0,3,2,2,0,3,1,30,2,0,0,2,1,1,0,0
0,24,1,3,811,0,1,1,0,0,0,1,55,0,1,0,2,0,1,0,1
0,12,1,0,42,0,1,3,2,0,1,2,46,0,1,1,2,0,1,0,1
0,18,4,3,115,0,1,3,1,0,3,1,21,2,0,0,2,0,0,0,0
0,48,2,1,884,0,3,3,2,0,3,3,39,1,2,2,2,1,1,0,1
3,30,2,4,337,4,4,3,2,0,3,2,58,2,1,0,2,0,1,0,0
0,12,3,0,209,0,2,3,2,0,1,0,43,2,1,1,1,1,0,0,0
0,24,2,3,313,0,1,3,2,1,0,1,24,2,1,0,1,0,0,1,0
1,9,2,4,306,0,1,3,1,0,1,2,22,2,1,0,2,0,1,0,1
3,9,4,0,162,0,2,2,2,0,0,0,30,2,1,1,2,0,0,0,0
3,12,4,4,18,2,4,3,2,0,3,1,42,2,1,1,2,1,1,0,0
0,12,2,4,260,0,2,3,1,0,0,2,23,0,1,0,2,0,0,0,0
1,30,3,4,350,1,1,3,2,0,2,3,30,1,1,1,3,0,0,0,1
2,9,2,4,54,0,2,2,1,0,1,0,28,2,1,0,1,0,0,0,1
1,6,2,4,385,0,1,3,3,0,2,2,30,2,0,0,3,0,1,0,0
1,60,2,7,785,0,2,3,2,0,3,3,42,2,2,0,2,0,0,0,1
3,24,4,1,809,4,2,1,2,0,3,1,46,2,1,1,3,1,1,0,0
3,12,2,0,620,4,1,1,2,0,2,1,45,2,1,0,3,1,1,0,0
3,10,2,0,280,0,2,2,2,0,1,0,31,2,1,0,1,1,0,1,0
3,24,2,3,89,4,3,3,2,0,1,2,31,1,1,0,2,0,1,0,0
3,4,4,0,248,0,3,1,2,0,0,0,42,2,1,2,1,1,0,0,0
0,15,2,3,332,0,1,3,1,2,0,1,46,2,0,0,2,0,0,0,0
1,48,0,0,858,2,1,0,1,0,0,2,30,2,1,1,2,0,0,0,0
0,24,1,3,595,2,1,3,2,0,3,3,30,2,2,0,2,1,1,0,1
3,12,2,0,535,4,0,3,2,0,3,3,38,2,1,0,3,0,1,0,0
3,18,2,3,273,0,1,3,3,1,0,1,43,2,1,0,1,1,0,0,1
3,24,2,4,638,1,4,1,2,0,3,2,31,2,1,1,2,0,0,0,1
1,18,4,9,630,0,0,2,3,0,2,2,40,2,1,2,0,1,1,0,0
0,36,3,9,405,0,3,1,2,0,0,2,24,2,1,1,2,0,1,0,1
1,24,2,1,686,2,1,2,1,0,3,2,28,2,0,0,2,0,0,0,1
3,36,2,3,891,0,0,3,1,0,1,2,26,2,1,1,3,0,1,0,1
0,12,2,0,344,0,2,3,1,2,3,1,29,2,1,0,2,0,1,0,0
0,24,4,4,165,3,4,3,1,0,3,1,57,2,0,1,3,0,1,0,0
2,30,4,4,645,4,4,3,2,0,3,1,49,1,1,1,1,0,0,0,0
1,9,4,4,136,0,4,1,2,0,3,0,37,2,1,2,1,0,0,0,0
0,28,2,0,681,0,2,2,2,0,1,2,45,2,1,0,1,0,0,0,1
1,24,2,3,565,1,4,3,2,0,3,3,30,2,2,0,2,0,0,0,0
3,6,4,4,311,0,4,1,3,0,1,0,30,2,0,1,2,0,0,0,0
1,21,3,0,451,0,2,0,0,0,3,1,47,2,1,1,2,0,0,0,0
3,15,2,0,623,4,2,2,2,0,1,3,29,2,1,0,2,0,0,0,0
3,24,2,4,460,2,4,2,2,0,1,2,35,0,1,1,2,0,1,0,1
1,6,2,6,14,0,1,2,3,0,0,1,22,2,1,0,1,0,0,0,0
1,30,2,4,308,4,2,3,1,0,0,2,26,2,1,0,2,0,0,0,0
1,27,4,4,478,2,2,3,2,0,1,1,23,2,1,1,1,0,0,0,1
3,15,2,4,626,0,4,3,1,0,1,2,54,0,0,0,3,0,1,0,0
3,42,2,4,819,4,3,1,3,0,3,1,29,2,0,0,2,0,1,0,0
0,11,4,0,671,0,2,0,2,0,1,0,40,2,1,1,1,1,0,0,0
1,15,2,6,265,1,2,3,2,2,1,0,22,2,1,0,2,0,0,0,0
3,24,2,0,827,0,2,0,2,0,3,1,43,2,1,0,1,1,0,0,0
0,24,1,0,147,0,0,0,1,1,3,3,29,2,0,1,0,0,0,0,1
0,60,2,9,824,0,4,3,2,1,3,3,36,2,0,0,2,0,0,0,1
3,30,4,4,532,0,2,3,1,0,1,2,33,2,1,0,2,0,1,0,0
2,24,2,4,176,2,2,2,1,0,2,2,57,2,1,0,1,0,0,0,0
1,6,2,4,56,0,2,1,1,2,2,0,64,2,1,0,2,0,0,0,0
1,18,3,9,465,4,4,3,2,0,1,1,42,2,1,1,2,0,0,0,0
3,24,3,0,481,0,4,3,2,0,3,2,47,2,1,1,1,1,0,0,1
1,15,1,0,178,1,2,1,3,0,1,1,25,2,0,0,2,0,0,0,1
1,30,4,3,859,0,3,1,2,0,1,1,49,2,1,0,2,0,0,0,1
3,48,2,9,733,0,0,2,2,0,1,2,33,0,0,0,3,0,1,0,1
2,21,2,0,544,1,2,0,1,0,0,2,28,0,1,0,3,0,1,0,0
0,36,2,1,855,0,2,1,2,0,1,1,26,2,1,0,2,1,0,0,1
3,24,4,3,379,0,3,1,2,0,1,1,30,2,1,1,1,0,0,0,0
0,15,4,3,241,0,2,3,1,0,2,1,25,2,0,1,2,0,0,0,0
2,42,0,9,786,0,1,1,0,0,0,1,33,2,1,1,2,0,0,0,0
3,13,2,4,233,1,0,1,1,0,3,0,64,2,1,0,2,0,0,0,0
0,24,2,1,801,0,0,3,2,0,1,3,29,2,2,0,3,0,1,0,0
1,24,4,4,312,0,4,3,2,0,1,1,48,2,1,1,1,0,0,0,0
3,12,4,7,624,4,1,1,2,0,0,1,37,2,1,1,1,1,0,0,0
3,15,1,4,289,1,4,3,2,0,3,2,34,0,1,0,1,1,0,0,0
0,18,2,4,358,4,3,1,3,0,3,2,23,2,0,1,1,0,0,0,0
0,36,2,3,673,0,0,3,2,0,2,1,30,2,1,0,3,0,1,0,0
3,12,2,0,458,4,4,3,2,0,2,2,50,2,1,0,2,0,1,0,0
3,12,2,3,310,0,3,2,1,0,3,0,31,2,1,0,1,0,0,0,0
0,30,2,1,661,0,2,3,0,0,3,1,40,2,1,0,3,0,1,0,0
3,12,2,4,69,0,4,3,2,0,3,2,38,2,1,0,2,0,0,0,0
0,45,2,4,332,0,2,3,2,0,3,3,23,2,2,0,2,0,1,0,1
1,45,4,1,711,1,0,2,2,0,3,2,27,2,1,0,2,0,0,0,0
